{"cameraMode":{"drawMode":0,"name":"Shaded","section":"Shading Mode"},"sceneLighting":true,"audioPlay":false,"sceneViewState":{"showFog":true,"showMaterialUpdate":false,"showSkybox":true,"showFlares":true,"showImageEffects":true,"showParticleSystems":true},"in2DMode":false,"pivot":{"x":-9.350000381469727,"y":1.369999885559082,"z":19.270000457763673},"rotation":{"x":-0.26163893938064577,"y":-0.10744518041610718,"z":0.02929229475557804,"w":-0.9587816596031189},"size":48.04885482788086,"orthographic":true}