{"cameraMode":{"drawMode":0,"name":"Shaded","section":"Shading Mode"},"sceneLighting":true,"audioPlay":false,"sceneViewState":{"showFog":true,"showMaterialUpdate":false,"showSkybox":true,"showFlares":true,"showImageEffects":true,"showParticleSystems":true},"in2DMode":false,"pivot":{"x":2.2533297538757326,"y":-3.0815391540527345,"z":-32.102203369140628},"rotation":{"x":0.43903905153274538,"y":-0.030996765941381456,"z":0.015150678344070912,"w":0.897830069065094},"size":52.103946685791019,"orthographic":false}