{"cameraMode":{"drawMode":0,"name":"Shaded","section":"Shading Mode"},"sceneLighting":true,"audioPlay":false,"sceneViewState":{"showFog":true,"showMaterialUpdate":false,"showSkybox":true,"showFlares":true,"showImageEffects":true,"showParticleSystems":true},"in2DMode":false,"pivot":{"x":-21.766353607177736,"y":70.41085052490235,"z":11.256553649902344},"rotation":{"x":-0.05171404778957367,"y":-0.7164974212646484,"z":0.053392600268125537,"w":-0.6936591267585754},"size":197.51324462890626,"orthographic":true}