{"cameraMode":{"drawMode":0,"name":"Shaded","section":"Shading Mode"},"sceneLighting":true,"audioPlay":false,"sceneViewState":{"showFog":true,"showMaterialUpdate":false,"showSkybox":true,"showFlares":true,"showImageEffects":true,"showParticleSystems":true},"in2DMode":false,"pivot":{"x":-11.070465087890625,"y":48.49885177612305,"z":-35.533409118652347},"rotation":{"x":-0.17966051399707795,"y":0.05251224711537361,"z":-0.009615613147616387,"w":-0.9823077917098999},"size":81.8974609375,"orthographic":true}