{"cameraMode":{"drawMode":0,"name":"Shaded","section":"Shading Mode"},"sceneLighting":true,"audioPlay":false,"sceneViewState":{"showFog":true,"showMaterialUpdate":false,"showSkybox":true,"showFlares":true,"showImageEffects":true,"showParticleSystems":true},"in2DMode":false,"pivot":{"x":-9.773441314697266,"y":-0.509524941444397,"z":10.483832359313965},"rotation":{"x":0.21211907267570496,"y":-0.03810514509677887,"z":0.008272367529571057,"w":0.9765142798423767},"size":45.82612228393555,"orthographic":true}