{"cameraMode":{"drawMode":0,"name":"Shaded","section":"Shading Mode"},"sceneLighting":true,"audioPlay":false,"sceneViewState":{"showFog":true,"showMaterialUpdate":false,"showSkybox":true,"showFlares":true,"showImageEffects":true,"showParticleSystems":true},"in2DMode":false,"pivot":{"x":-32.1966552734375,"y":17.2088623046875,"z":-7.7394585609436039},"rotation":{"x":0.2418300211429596,"y":0.6656823754310608,"z":-0.24285320937633515,"w":0.6628980040550232},"size":240.75733947753907,"orthographic":false}